<!--<?xml version="1.0" encoding="UTF-8"?>

<t t-extend="mail.systray.ActivityMenu.Previews">
        <t t-jquery="div.o_preview_title" t-operation="after">
            <div t-if="activity and activity.type == 'meeting'">
                <t t-set="is_next_meeting" t-value="true"/>
                <t t-foreach="activity.meetings" t-as="meeting">
                    <div>
                        <span t-att-class="!meeting.allday and is_next_meeting ? 'o_meeting_filter o_meeting_bold' : 'o_meeting_filter'" t-att-data-res_model="activity.model" t-att-data-res_id="meeting.id" t-att-data-model_name="activity.description" t-att-title="meeting.description">
                            <span><t t-esc="meeting.description"/></span>
                        </span>
                        <span><t t-esc="meeting.description"/></span>
                        <span t-att-class="!meeting.allday and is_next_meeting ? 'o_meeting_filter o_meeting_bold' : 'o_meeting_filter'" t-att-data-res_model="activity.model" t-att-data-res_id="meeting.id" t-att-data-model_name="activity.description" t-att-title="meeting.description">
                            <span><t t-esc="meeting.description"/></span>
                        </span>
                        <span t-if="meeting.start" class="float-right">
                            <t t-if="meeting.allday">All Day</t>
                            <t t-else=''>
                                <t t-set="is_next_meeting" t-value="false"/>
                                <t t-esc="moment(meeting.start).local().format('hh:mm A')"/>
                            </t>
                        </span>
                    </div>
                </t>
            </div>
        </t>
    </t>-->